,word,x,y,z
8,Kundadahara,-5.07771913485,0.839952162439,3.8014085362
23,Madhusudana,-1.63686882837,-3.51163254519,2.29026732234
38,Three,-3.70987509334,-1.52447303896,-2.65629447667
55,Person,-5.73874419107,-4.62492554448,1.70484247167
61,Meru,-6.71367902524,-1.27547446073,6.13473577712
66,Aindra,-3.51700751475,2.11872988441,2.12513659348
90,Bhagavad,-4.75172270356,-4.26070184602,1.23617388273
99,Pitris,-4.991341187,-1.67760442798,2.30724330969
101,Him,-1.36787310048,-2.39644245075,-0.769587446463
104,Gandharvas,0.627898779209,2.29255103871,1.83000581449
109,Shame,-4.64787678749,-2.99191720623,7.20611429359
112,Shami,-6.02747137489,0.315099423614,4.14045771736
113,Curse,-3.85465925163,-1.86172044503,-2.18705358562
123,Vaishnava,-4.1855833739,-4.23301707237,2.74059201044
128,Sankha,-5.10421155494,0.833294094406,4.09184112642
133,Srutakirti,-5.02762896222,0.618634497834,4.09091249017
135,Please,-1.00932210364,-3.42581643618,4.69747759596
136,Due,-4.70927040472,-5.58814126727,4.93553454334
146,Sikhandin,-4.37472177939,0.210816055336,4.9144696641
150,Arishtasena,-4.56838317942,-2.11228634634,3.35938404496
154,Victory,-5.02394725141,-2.45768358849,5.74428828337
155,Satyavati,-0.825748723107,-0.772725536955,3.72206277528
163,Gradually,-5.12577805469,-0.455898954905,3.47690036998
164,Generally,-6.57065685113,-4.55937082144,4.67860169679
166,Parikshit,-5.55747113718,-2.61353214872,4.63788976834
181,Kauravas,-1.72934228164,0.440814507266,3.56880216854
194,Chakravyuha,-6.94283458565,-1.62296516917,4.10501882185
195,Nevertheless,-5.70359955155,-1.53985370394,5.00417612765
199,Duhshasana,-2.93365631857,1.72543015064,4.69968106318
200,Siva,-5.46427072328,-2.82645592042,1.58638175563
206,Mahendra,-4.40557390213,-1.05455293824,3.15244401344
210,Rise,-4.39633631976,-0.59847596448,6.1421274091
233,Amongst,-5.50653354202,-1.50071601496,4.38624534983
238,Dhrishtaketu,-3.65563203453,0.798904829365,4.42237100476
241,Shikhandin,-4.29621110126,1.02679245105,4.811587912
247,Nonetheless,-5.19836004881,-3.38607492874,4.76644838148
253,Asvins,-5.06866741666,-2.25635964778,1.55935300118
258,Badrikashrama,-4.14986924022,-1.04207372973,4.73295687388
261,Subala,-1.14033827394,-0.675411783209,4.447822392
262,Mahodara,-5.16038874308,0.670418015483,3.83441280822
268,Dyuman,-4.79914112136,-0.320801900777,4.17424520999
269,Satvata,-0.994182755947,-0.3336673615,6.52300145403
273,Balahaka,-7.82455868543,-0.453980405869,3.31743825091
274,Surely,-4.44556633358,-3.60702746113,6.17940285345
284,Lords,-4.38183000729,-2.85835616504,2.42301365961
287,Vrindavana,-5.12574652528,-3.53196109661,2.26679739664
296,Rukmi,-2.91914440987,-0.242789160107,5.01749831173
298,Between,-4.0067234607,-2.09344826653,-1.82353309145
308,First,-3.70498736683,-1.50278095985,-2.68008961721
313,Knowledge,-4.46029196166,-2.67124557088,-0.917453442395
323,Videhas,-4.7940226238,-1.03549841312,4.73573151452
325,Carudeshna,-3.73961210243,-0.177515200165,4.98155361277
331,Seeing,-3.73826222384,0.482570321652,4.38802169111
334,Jaya,-3.0055140967,-0.306939414757,0.0607956903549
339,Hastinapura,-1.80192660211,-0.679014678716,2.67822404848
340,Six,-3.78207311874,-1.7116838821,-2.41124339401
342,Maya,-3.62969982618,-1.81579122398,-1.7943896043
360,Vasuki,-4.59070802143,-1.31623476541,4.88473474732
362,Sushena,-5.16375676139,0.588256932775,3.97459838469
366,Durjaya,-5.55480116977,1.06496052016,4.25530691252
367,Kala,-4.94183963128,-2.13509271072,4.62718068274
368,Beholding,-3.80393001266,0.391605618055,4.38801467243
369,Kali,-3.82195607422,-4.1475501563,1.8283626062
378,Vajra,-4.42533067015,-1.0120155175,4.68123754414
379,Monarch,-1.65518811096,-1.43040377772,5.28787151789
382,Kalinga,-3.13628355689,0.855803744296,3.53848475729
384,Dvaraka,-2.04490850955,-0.686915357516,2.55723317699
385,Me,-5.72793527298,-6.32652705792,2.76664835249
391,My,-6.00118375064,-5.10741672985,2.13242848948
418,Devala,-3.92775268278,-2.605098478,2.71326145347
435,Who,-2.41011463668,-3.50131860963,5.69148931891
446,Catching,-6.09088874415,-0.432902932847,4.74791828205
450,Encouraged,-4.58662953496,-0.279302153527,5.46216792387
463,Nanda,-5.27180934271,-1.58638820245,4.80197455736
471,Rajasuya,-3.44108713336,-4.9588701399,0.0155078080394
476,Welcome,-1.84053411248,-1.09142143075,5.39265199307
484,Either,-3.82511833745,-4.38337838645,6.57247553343
494,Vrishasena,-3.17552101736,1.64697475537,4.47721602395
500,Vrihatkshatra,-4.19163088372,1.78214630899,3.96416346663
507,Keshava,-1.54364470958,-2.60722472926,4.31152372859
509,Kuru,0.156423318757,-0.830660500234,-0.260165203005
510,Seven,-3.75824355161,-1.66286655235,-2.48061611325
556,Countering,-3.95386450143,1.91939311618,2.43334541422
565,Having,1.31129368852,0.550735015032,2.54959126194
567,Thereafter,-5.31793424055,-1.89356939523,3.44866608548
588,Rahu,-6.47299985688,-0.381754488287,2.35491980322
590,Chedi,-4.46137893365,-0.938783334199,4.93049778163
591,Nishada,-6.09916771497,-1.39038607501,5.14869518324
605,Princess,-4.14734314959,-1.1674361393,4.245876411
607,Whenever,-5.58355662196,-1.59442011837,5.03019230704
610,Ashvamedha,-3.913743042,-1.9808487204,-2.02051463623
618,Looking,-4.66502771328,-0.386412690042,5.49685983286
621,Vedic,-4.17666632312,-3.91313939091,2.11018142086
622,Blood,-5.62004978837,0.396783432684,2.10059546439
628,Own,-6.99784796751,-2.76091645192,3.5812237607
638,Nila,-4.33101616784,0.556586847166,4.73280888357
641,Aunt,-3.64163924497,-1.92473103958,6.98106296532
646,Kripa,-2.85945075986,1.66921257478,4.68179492158
647,Kripi,-5.26144130319,-0.899902426012,5.82644787657
648,Yourself,-3.24466364624,-3.46475537173,5.15321590128
656,Sahadeva,-2.53727629523,2.32852686366,4.33655700654
662,Vegavat,-6.09809854554,-0.0253605060888,3.84221306868
664,Hidimva,-1.68847472088,0.841999295974,5.1633132072
667,Hidimvi,-2.68134997551,-0.573574794573,5.91404268544
672,Jatasura,-3.92120791083,-2.01033010411,-1.9650564722
674,Satya,-6.52411376106,-0.554752913621,2.94046360858
677,No,2.30127605569,-2.5680209066,2.23838593816
679,Ghatotkacha,-4.05504208762,1.51882747478,3.99970854466
690,House,-3.94493442938,-2.01063456747,-1.95644495249
712,Uttara,0.873529729078,0.237692397449,1.68834086297
722,Varuna,-8.42812180623,-1.92924142576,3.24572668464
726,Garuda,-5.57357565368,0.0675440418239,3.06422637432
727,Evil,-3.80395183238,-1.76791659737,-2.32497712933
734,Salya,-2.82588321013,1.63033395688,4.74551044021
735,Vrikodara,-4.76879010514,1.60554276953,4.34714528123
751,Supporting,-4.4648607431,-0.691533844041,6.11993852844
777,Your,-0.583770783137,-3.69608890827,-1.98970608451
787,Sumitra,-4.71990816721,-0.800056604609,5.63369228168
831,Nine,-3.81269188557,-1.77637526047,-2.31832711399
836,Bhishmadeva,-5.9170974956,-2.24376411612,3.12477885424
843,Personality,-5.84149849709,-4.80577000226,1.24778811114
850,Ekalavya,-3.14073783631,-0.80719158185,5.30052951268
851,Jalasandha,-4.26155985497,1.75470160281,3.92561356317
882,Suchimukha,-6.53098957407,-1.689593775,4.22660726101
888,Has,-5.21441605011,-3.16499522404,5.76665704334
891,Kingdom,-3.89679794937,-1.99055765638,-2.00958972389
896,Vayu,-5.91506803214,-1.944273111,8.13277508557
901,Shusena,-5.3594360262,0.874426094895,4.10997535113
904,Avantipura,-2.91738961744,1.12763135418,4.14983753267
921,Angered,-5.36340497596,0.28558704835,4.44079442685
927,Sakradeva,-5.0773429289,0.900591382254,4.05710416683
929,Chekitana,-3.24306315307,1.54049730036,4.21228817123
932,Mahabharata,-3.687479028,-1.43271012823,-2.76133772992
934,Nrisimhadeva,-5.834243986,-3.50348634968,2.547721336
945,Heroes,-4.02214068794,-2.10278980604,-1.82490594141
946,Kashi,-1.47122208746,-0.895250789029,3.92519267932
950,Universe,-5.90677837217,-3.41933467887,2.06311947882
954,Indraloka,-6.43420099273,-1.97565144102,4.11893319029
966,Ashvatthaman,-3.51806201108,1.1127658566,4.92178441842
969,Shakuni,-2.83813403603,1.71321938902,4.74764146786
972,Sutas,-6.25172610336,-0.617897692779,4.59450437076
975,Son,-3.90837800044,-1.93579837013,-2.09182269056
978,Names,-4.90170758598,-3.90708886038,1.31770434085
982,Pashupati,-3.03366121645,2.54097986382,1.84705778028
994,Oh,-3.39824058501,-1.74651214725,6.2643621267
1001,Or,-4.18490957816,-3.89663718872,6.15125915631
1002,Highly,-5.29660000828,0.946864406061,4.06387276689
1012,Babhru,-4.59528978349,-0.221111155368,5.48559982542
1014,Jumping,-5.89391840291,2.01889076073,4.20539236085
1015,Kurukshetra,-3.04597375624,-2.01035505149,-0.182078023946
1019,Look,2.32780354919,-0.512029291948,2.15943421072
1028,Amba,-1.08937630136,-0.871512109971,3.78355336394
1035,Yuyutsu,-3.81073535161,0.708151149194,4.66792621158
1050,Bhishmaka,-3.13758195129,-0.951384934503,5.41179244611
1059,Upayaja,-4.33292959771,-2.96793210195,3.77022764092
1072,Bharata,-0.823138278323,-2.11479676844,4.35486073852
1081,Bhag,-5.63091392389,-3.21729603123,3.87357433618
1086,Prabhupada,-4.49845375581,-3.84647945773,0.802234170175
1087,Yudhamanyu,-3.35405323464,1.87609177598,4.1935925307
1089,Durga,-5.36045372758,-3.33004362812,3.12111330495
1092,Alas,-3.4201968765,-2.02289637378,6.4003750049
1095,Nishadas,-4.40566465979,0.196413092649,4.39665044986
1128,Takshaka,-7.06141090006,-1.90232474777,5.69144862322
1149,Liberation,-3.8855005535,-1.91806788646,-2.10703582139
1150,Struck,-5.91484060814,-0.542278112253,4.44436212061
1160,Days,-3.79012732259,-1.73036123936,-2.37835265842
1172,Himself,-5.72652202163,-4.06118843057,1.79965116544
1173,Preceptor,-3.81638174801,-1.79852855526,-2.3035828053
1196,Very,-5.09744532587,-0.916003841224,3.49311708849
1197,Material,-5.43409176121,-4.70777481494,2.91314345377
1198,Saraswati,-4.15281844335,-1.36858172417,2.93206651362
1203,Passing,-6.42401624689,-0.0356688791311,3.20933606902
1205,Jesus,-6.28811335474,-5.33637069993,6.05278676221
1211,Nara,-6.60084215294,-4.51757665617,2.24277781188
1212,Magadhas,-4.8841862423,-0.321459201281,4.36747957043
1216,Jambavati,-3.94656909996,-0.206468659646,4.95589747429
1218,Anjalika,-6.59578542874,0.873686748668,3.56937582437
1223,Kamodaki,-7.03961299407,1.10543104152,3.21598496155
1227,Charvaka,-5.55084234665,-1.0566718953,4.63077544892
1238,Mukunda,-5.85489331055,-2.43742884232,3.22158125818
1245,Proceed,-4.46978146348,-0.346333629055,5.53504900192
1261,Whether,-4.18177473938,-3.03565570753,6.56266823986
1263,River,-5.02992810212,-2.26803064132,3.20629130022
1273,C,-4.46762613408,-3.85928561137,0.721207588374
1274,Vishoka,-4.38532843475,0.853062337682,4.77492476011
1282,Ekachakra,-3.73637983745,-1.30831387194,2.82268572792
1285,Christ,-6.28780691584,-5.3398477965,6.06215580115
1286,Her,-6.93764943716,0.321254230651,1.25828284196
1294,Karna,-2.77725105228,1.65222684731,4.86109398093
1295,Shalva,-3.06277874786,2.04788837866,2.456041506
1297,Pritha,-1.33549490308,-2.07361493442,4.55594155689
1298,Battle,-3.73689654116,-1.60112920449,-2.55875716851
1299,Prithu,-4.68420393551,-1.81805418461,3.60018163557
1304,Salwa,0.0862302694451,-0.189038557202,2.84781865371
1310,Janaka,-4.93576876071,-2.45602585902,3.8741553692
1312,Kichaka,-3.92631179958,1.02212535237,5.64461311809
1321,Akshauhini,-5.32523913387,-1.12846411684,3.43816823317
1329,Asuras,-5.08410398177,-2.4901308751,1.51612289616
1332,Durvasa,-2.98421063742,-1.61180041117,4.16359273929
1339,Balhika,-4.33494485257,-0.138616993629,5.47005915767
1347,Tantripal,-5.31681934128,-1.95753559389,5.48096260726
1349,Ulupi,-1.61265679175,-0.965734404884,4.79285236756
1350,Toward,-4.00303638213,-2.11320588001,-1.71663826378
1363,Gandhara,-3.52749753229,1.08481070888,4.40180688262
1364,Gandhari,-0.941787868961,-0.730505062582,4.306024318
1365,Well,-4.47507283558,-3.42333611289,3.98286726241
1380,Supritika,-5.26165698942,1.59078657902,2.83909949053
1392,Viravahu,-5.72724254832,-0.742336914643,2.88454527956
1402,Parasurama,-3.79025287704,-3.10631934732,4.9325468869
1404,Duryodhana,-3.31882769755,0.476429463046,5.78120675462
1407,Upaplavya,-1.71392964629,-0.715031662169,2.84905060832
1409,Stringing,-6.42539041679,0.23080019429,4.18067754134
1410,Pandu,0.52834555657,0.153446339418,0.314365958922
1417,Shrila,-4.52181219931,-3.52108773661,1.10737171801
1429,Sindus,-4.7364972994,-0.897807979842,5.49862580209
1433,Queen,-0.966557896341,-0.667035602718,3.69342057447
1460,Bhanumat,-5.15298069659,0.851513584233,2.88402821373
1475,Urvasi,-3.19991718252,-1.54722724836,4.46071061154
1479,Will,-3.06113066525,-2.91032458957,5.20368114858
1502,Girivraja,-4.20930824814,-0.956812911993,4.45126449591
1509,Severed,-5.58588452059,-0.339253529209,2.21160253029
1522,Paurava,-4.37282335414,1.91805746873,3.79979095135
1523,Brahman,-5.37937994364,-5.22900017401,1.99476444571
1525,Dasarnas,-4.81823659015,-0.550221241578,4.38589403397
1532,Arjuna,-4.42955477935,0.52725145843,5.71528188817
1535,B,-4.47295615699,-3.74961005479,0.560677680648
1538,Kripacharya,-3.17689111848,0.787593886575,5.35120062588
1539,mercy,-0.581055746346,-3.69882498053,-1.99164233109
1553,Kartavirya,-6.21349874319,-1.62274093917,5.45741789056
1561,Twelve,-3.88677945179,-1.91063864326,-2.1180782973
1562,Nivatakavachas,-4.76554105699,-2.34510692671,3.80745941569
1569,Ganges,-1.62620479834,-0.493586310865,1.54391174837
1585,Savyasachin,-5.95147836349,-2.03338091136,5.65862009094
1589,Fifteenth,-3.78947310651,-1.72638777556,-2.383930333
1596,Vikarna,-3.04648981741,1.6340536776,4.55652551442
1602,Eighteen,-4.08983078491,-2.19304730114,-1.64288028041
1609,Rakshasa,-4.20665429265,1.6823489868,3.94480173755
1611,Himavat,-6.41477648155,-0.40427059624,2.35395963628
1612,Himavan,-4.87880665276,-0.381654602052,3.34532714348
1616,Releasing,-3.93031079625,1.97406276915,2.30334939604
1622,Harischandra,-4.90027290729,-2.12720866446,4.98988303385
1644,Addressing,-5.02296707763,-1.17032849078,5.48221026822
1649,Mine,-5.81032259663,-4.98090363238,2.39567110042
1655,Kritavarman,-2.95389446947,1.6370279014,4.59155402886
1660,Hundreds,-5.31173848224,-0.372017850947,2.15834153798
1666,Eighth,-3.7391367618,-1.60447818238,-2.55002060504
1670,Ayodhya,-5.16044119803,-2.76602386436,2.91530545393
1672,Yadu,0.154325907728,-0.840172655676,-0.272599657991
1675,Veda,-5.70811324579,-2.87136856595,1.1838989658
1680,Let,1.2837046079,-1.50705802824,0.101355257113
1690,Make,-6.76985365573,-2.15656415505,4.69248380869
1695,Dhritavarman,-5.3050948901,1.2176326685,3.40957082365
1715,Varanavata,-3.95044571898,-2.26206400737,-1.52893133827
1734,Rishava,-5.48710752485,-1.63334154942,3.65718386528
1735,Devadatta,-6.11023152925,2.32690012263,0.828886645722
1739,Babhruvahana,-4.05880506975,0.518555336491,5.76918934115
1754,Adhiratha,-6.29165674136,-0.597694105003,-1.28383821251
1760,Just,-4.96977128042,-2.36642864693,-0.317251201958
1768,Finding,-5.28720023836,-0.733674109162,4.2644880893
1777,Along,-5.79438746484,-1.96240356021,4.41985728215
1781,Yogamaya,-5.79788692394,-4.39976591153,3.15493291684
1792,Ganga,-2.70278208933,-0.966122752176,-1.647770979
1793,Dear,-0.641766418372,-3.14343148987,2.52359830391
1804,Fierce,-5.7686334298,-0.730596503093,2.89136433648
1808,Mount,-4.403698784,-0.808940821708,2.77167573732
1809,Dharma,-2.58512390531,-3.00447800429,4.45527411763
1818,Partha,-6.36247657783,-1.1675892555,6.72893153673
1821,Thirteenth,-3.76218334728,-1.66856957644,-2.46389847107
1829,Always,-5.37622303013,-3.93118726949,2.82493263816
1853,Grace,-4.46666765802,-3.87475813471,0.717493997742
1855,Wait,-3.18584694336,0.72886033982,5.68596630913
1887,Stand,-4.62371803111,-0.402818390833,7.16983682893
1891,Ninth,-3.71993416457,-1.54864189568,-2.6214461155
1893,Maharaja,-1.92345907841,-1.69635908974,3.46937428474
1897,Puru,-3.87806009159,-1.7055648551,5.55729325179
1902,Gandhamadana,-5.06508336246,-1.49683996276,3.5030298716
1904,Puri,-4.88843526847,-3.56831352336,1.5467594075
1909,Kausika,-4.96016272211,-1.65689012469,4.80250631465
1916,Chitrangada,-1.79443259151,-0.954393570677,4.06044059395
1922,Gadadhar,-5.89982480645,-2.76200848215,3.38033950262
1923,Bhaktivedanta,-4.46111576178,-3.86069876418,0.710077042057
1927,Amaravati,-5.68524697308,-2.02115506528,4.58107703693
1940,Durmukha,-4.37112030526,1.97956448129,3.94805797301
1944,Prabhasa,-3.73529558175,-1.22915237654,2.82744095675
1951,Fifth,-3.70206768844,-1.49166712381,-2.69286291031
1955,Janardana,-1.84761486902,-2.90130719349,4.30645577965
1961,Vashistha,-2.76459083037,-2.20993310601,3.03769097831
1983,Give,-3.51223031728,-1.66417043475,6.65335640105
1985,Through,-1.32301451726,-3.31539620832,3.69026596617
1991,Death,-3.72298852469,-1.58534812897,-2.58597926626
1994,Sachi,-4.03913399761,-2.16674795707,7.20344242905
2005,Hridika,-4.30950444888,-0.0511998628765,5.33579901376
2008,Better,-5.67997451129,-2.97257720371,5.48012659056
2014,Muni,-2.75035985778,-2.2254115969,3.00979470316
2015,Agrapuja,-4.54633536705,-2.006513594,4.98351484424
2017,Sixth,-3.7057161395,-1.50546453566,-2.67603659237
2020,Dushkarna,-4.4121334448,1.91781754438,3.69153412313
2033,Nahusha,-5.4426240211,-0.813301800275,4.52965833742
2045,Durmada,-5.03056340158,0.839550281793,4.17487162959
2061,Suvala,-5.2572534341,-0.584645048862,5.65188096622
2072,Suryavarman,-5.18449242775,0.160842583697,4.40058189833
2077,Vasudeva,-1.28356300187,-2.40490303493,4.29609765046
2087,Madhava,-2.22949738118,-2.96321803251,4.57515988973
2090,Adi,-3.68094563275,-1.41647457053,-2.77816196457
2094,Ketuvarman,-5.70824708784,0.0432685212819,4.12493578926
2101,Kaurava,-2.20864590594,0.863284777999,2.65848456979
2102,Rakshasas,0.621800498433,2.29163696529,1.82614190585
2108,Lac,-3.87116551572,-1.88818025529,-2.15362619617
2114,Great,-3.71283186881,-1.52865733218,-2.64955335289
2122,Srutayudha,-5.76685510514,1.54392588558,3.84666935889
2129,Take,-5.99638789272,0.225920434997,5.61339124754
2139,Sala,-3.11639847857,1.6370098854,4.42750022081
2147,Shrimad,-4.39724350717,-3.99742281395,1.6506680792
2156,Rudra,-6.58856294126,-1.41805358939,6.23933426345
2159,Mahadeva,-6.51354074602,-1.38900668427,6.165766798
2176,Saubha,-5.94788523495,-1.72555499329,5.12654122467
2184,So,-6.71645253315,-2.5255210862,6.01344648859
2189,Kanva,-4.18550492325,-2.38003547874,3.03686638122
2190,Followed,-5.46769101873,-0.521647268895,2.92348586477
2191,Afterwards,-4.84689918299,-2.20121254031,5.76665143987
2193,Shri,-5.76726059305,-4.30630575438,1.5779714079
2196,Panchajanya,-6.08008319717,2.35854532644,0.790812461798
2204,Fall,-3.7210254852,-1.55932364359,-2.61379479176
2214,Sometime,-5.01165439826,-1.83547421355,4.97346533124
2216,Anjanaparvan,-6.21283333387,0.3795546353,3.25844466037
2219,Jimuta,-5.48800616506,-0.0430374349461,4.35123462469
2221,Alayudha,-4.79248514657,1.13179579638,4.00801656124
2243,Khandavaprastha,-4.07991989925,-2.17924637502,-1.70615865278
2251,Malavas,-4.87099102287,-0.722072813326,4.35372945075
2254,Devarshi,-3.94706679346,-2.72735871723,2.53864768818
2276,Samba,-3.6297163255,0.139032154385,4.93650860007
2280,Dantavakra,-5.18410011898,-1.02510613113,4.67262544128
2282,Nature,-4.43463762752,-2.68956270425,-0.916776749836
2283,Prativindya,-4.96646190805,0.908470197357,4.02901634832
2296,God,-4.15937379904,-5.88802155845,2.16645178658
2297,Peace,-4.01770991644,-2.10444875368,-1.81403102162
2298,Father,-3.71080538948,-3.72385274957,5.51759387191
2302,Sutra,-5.3993100278,-3.91733282243,2.62286039943
2303,Rohini,-4.3320809645,-1.49722154812,3.73831158255
2304,Devavrata,-0.372366227792,-1.02864479762,2.72847902978
2308,Gandharva,-0.57859674188,-1.20858310806,-1.25567390344
2310,Myself,-0.0379554083379,-2.9202480725,4.76769542501
2325,Baladeva,-0.498719532624,-1.92608885206,1.44350452874
2326,Heroism,-6.34395526495,-5.459354207,4.38765235663
2328,Bhrigu,-2.07626362419,-1.52668728548,5.33889153801
2333,Fourteen,-4.01133469658,-2.09405698167,-1.81913995817
2334,Hear,-2.61557754106,-1.81864687844,5.6418972984
2337,Bharatvarsha,-5.90042655357,-2.58056954553,4.29812727331
2338,Satanika,-4.24365953538,1.90168762217,3.84536322961
2346,Sanjaya,-1.47216409788,-1.4845378623,5.16949965648
2359,Neither,-3.23266611282,-4.34374209104,3.70271721038
2368,Consciousness,-4.41115406563,-2.58933708398,-1.03503704671
2369,Hare,-4.9685049884,-3.96670593355,0.983597688786
2373,Certainly,-3.64198035496,-3.71470235851,5.89215658347
2378,Was,-6.63727463419,-0.929319525988,4.76313611964
2381,Magadha,-2.98730543673,0.836950322883,3.91566997213
2404,Dvapara,-6.46315745395,-3.1913662708,3.49160945187
2416,Inflamed,-4.6271043996,-0.577030044896,5.44479497381
2439,Draupadi,0.156070919953,-0.497874825416,2.63244161918
2444,Supersoul,-5.63078580931,-5.15452123741,1.95571547332
2447,Udyoga,-3.714060177,-1.52977154792,-2.64555245765
2452,Dhritarastra,-1.11109545473,-0.881744833752,4.83393940768
2458,Their,-4.76463518812,-1.13311788764,0.670557913964
2460,Ambika,-0.980858277882,-0.714697560488,3.70214197179
2462,Suvahu,-5.16556478484,0.456270312025,3.99008374068
2473,Yadus,-3.01404123432,-0.333417597519,3.53075546306
2476,Keshi,-5.08872406814,-2.2956388872,4.32714031968
2477,Mahatma,-3.70903751992,-2.09865129966,4.55280560839
2502,Self,-5.93516364794,-4.50250717733,3.65605331489
2508,Srutayus,-6.32932638561,0.618369402659,3.84796208227
2512,Nor,-2.63414016788,-4.80230883723,4.37341032707
2521,Alambusha,-4.28270679894,1.68823891284,2.92127755065
2525,Hari,-6.07480285972,-4.17989277274,2.36800203195
2526,Chaityaka,-5.20952296443,-1.76186898354,4.82739534813
2531,Palace,-3.86648340925,-2.01561881912,-1.65020940799
2545,Pandya,-5.00909509203,0.588497409703,4.21910144374
2568,Ajatrashatru,-1.7494787918,-4.23942396483,2.86410469688
2569,Shree,-5.359580298,-3.74604200482,1.87680511092
2580,Sini,-1.99824534243,0.114042166419,4.95222534859
2581,Lamentation,-3.83351999873,-1.83061455005,-2.22633704626
2587,Vishvakarma,-6.17890227397,-2.43956584627,3.69612672568
2589,Brihadratha,-4.19067843335,0.321049560633,5.66901649339
2599,Visalakha,-5.10942152938,0.772683403254,3.81250745999
2609,Urged,-5.85698229725,-0.560573247315,3.41558106034
2613,Prtha,-1.69076764198,-3.61930877769,2.20456090724
2624,Rukmini,-4.76279580167,0.76617283554,5.64576680694
2633,Charanas,-4.90206283114,-1.87594498387,1.52232763723
2639,Vrika,-5.15619040424,1.39052683217,3.20142682697
2655,Sindhus,-2.93342436587,-0.989342649103,6.23092362551
2675,Danava,-3.71268552063,-1.83463280416,-1.95202296043
2679,Somakas,-2.39617173188,0.491491234235,3.31853149869
2685,Covered,-5.8177818146,-0.135351579345,3.018167929
2686,Andakas,-5.01104708941,-1.82589849921,3.47287931865
2704,Kailasa,-6.26503586155,-0.167251754332,3.01038741026
2718,Asvatthama,-3.69070548359,0.885256725621,5.10169067097
2726,Consequently,-5.09104719918,-3.73453497418,3.39044466288
2729,Vivasvan,-5.87940776533,-1.99180666245,8.22638677954
2732,Any,-4.82341584921,-4.50147234126,4.85205201028
2733,Devaki,-1.18114626084,-2.30497673447,4.31262108393
2744,Satyajit,-4.37208682993,2.01173483017,3.32945669495
2746,Rudras,-5.53453868975,-2.83264931947,1.51382696392
2748,Vidyadharas,-5.10029403632,-1.40701837887,1.41808870035
2756,Govinda,-1.47824515008,-3.26426200321,3.58760782135
2757,Paundraka,-5.96112290822,-1.87941682417,4.73966357191
2758,Have,-2.61476359857,-3.36675430948,5.85879104089
2760,Uddhava,-0.96836968615,-0.901758020247,5.51186371225
2766,Be,-4.62151094013,-3.66820568167,4.3923215819
2767,Bg,-4.21535940308,-2.29270309902,-1.5226865207
2772,Purochana,-3.39447990651,-2.00471114933,5.62306519943
2785,Naga,-7.04196323585,0.634931097975,3.38263545949
2791,Seventh,-3.7680925632,-1.67905515948,-2.4536551019
2805,Quickly,-6.03706990879,1.03087067344,3.97439411141
2806,Thousands,-4.44028221822,-0.0249670997662,1.73659479248
2810,Avanti,-4.597460979,0.132859896273,4.36208398176
2811,Rivalry,-3.74403396862,-1.62210534633,-2.53201842252
2827,Chedis,-2.86566930036,0.348375998841,3.70423631123
2831,Never,-4.18650392721,-3.65180300329,5.94770381118
2833,Vana,-3.70685259227,-1.50859382713,-2.67221759203
2837,Suta,-1.98541625235,-1.60663665967,5.58576881824
2841,Fourteenth,-3.78528779536,-1.71984776618,-2.39209551439
2843,Vajradatta,-4.72643832437,0.853158285464,4.15188085293
2846,Agreeing,-3.54250789416,-0.376126465711,5.76939833827
2850,Kirata,-5.84014439948,1.75717368953,3.70571051253
2852,Vichitravirya,-0.935212198047,-0.751821127046,3.71565763409
2867,Wanting,-3.6789772677,-1.70826645534,6.44877685919
2869,Indraprastha,-2.0134755927,-0.703412261768,2.58407536316
2872,Mahaprabhu,-4.89869558998,-3.96966073629,1.06924607809
2881,Khandava,-3.58456299078,-1.75442939409,-1.30870204325
2892,Gandiva,-4.71328384155,3.03969910105,2.98038880677
2893,Rather,-5.59711121848,-3.84489204029,4.78576459715
2895,Behind,-3.84143196176,0.640754970218,3.57757283386
2899,Durmuka,-4.75607918953,0.986643227245,3.93001174176
2913,Rama,-4.97535516895,-3.91681063596,1.02897390993
2917,Narayana,-6.37215979036,-4.43315049565,2.10136905915
2931,All,-2.79465970305,-2.42800025666,1.94413008538
2938,Dvaipayana,-3.54333714896,-2.34856725403,2.82862775584
2946,Cutting,-5.77794068468,-0.558635733671,2.89760111509
2948,Birth,-3.80981601403,-1.77662044929,-2.32104520974
2950,Path,-3.83392173213,-1.81991085071,-2.25880027869
2953,Royal,-4.53895070804,-1.60239281721,3.61583253669
2959,India,-5.15163487886,-3.39188464739,2.58260464984
2970,Thereupon,-6.13464717157,-2.73242311795,4.47648177724
2971,Kirmira,-1.79036586965,0.723417610905,5.24600483053
2978,Go,-1.69306370419,-2.21203777342,6.18943125337
2991,Commentary,-3.61138861722,-2.64414581333,-1.27696579149
2996,Kampilya,-2.15168553643,-0.584993994319,2.72685190041
3005,Angas,-4.71787293539,-0.547126382096,4.41342329179
3020,Sakata,-6.64666895153,-1.71942135501,4.20875303666
3028,Dynasty,-1.61903502349,-1.96247577286,3.82004156071
3040,Agneya,-3.50138376967,2.11468342062,2.14147840782
3053,Ashvasena,-6.26510756038,-1.63997208006,4.67739914772
3058,Vedanta,-5.53214783767,-4.29884283785,2.40781997529
3071,Otherwise,-4.38214839969,-3.53087801961,5.94437868001
3080,Forest,-3.88572119516,-1.94493040765,-2.06000298444
3089,Pashupatra,-6.48286907919,-1.65814132767,6.18251802589
3091,Adityas,-5.48584244145,-2.75231011497,1.41013177798
3115,Kamyaka,-1.87861312649,-1.25294022893,2.16170505145
3128,Absolute,-5.32382128995,-5.04976909906,1.87788052464
3145,Bharadwaja,-4.53512401591,-0.300126742463,5.30922334311
3147,Airavata,-6.21659770025,-0.0200428942164,2.3014572525
3154,Are,-3.30550465481,-5.79001488528,6.18620726205
3155,Hrishikesha,-1.75419587415,-2.78292610791,4.23788684025
3156,Prince,-3.81511314139,0.632514790688,5.67188855654
3157,Meghapuspa,-7.83823811814,-0.394410994627,3.31647248054
3165,Shrinjaya,-3.19497950809,0.159999024233,4.15453441756
3171,Attacking,-6.4117552268,-0.79227155641,4.34846176893
3173,Hearing,-0.622655079204,-1.15497053516,4.97471021835
3175,Durmarshana,-4.86657305867,0.75951636212,3.96493610759
3184,Unless,-5.76141419931,-3.7063427028,4.01692504375
3206,Persons,-4.1763933283,-2.96198842369,3.54487115896
3218,Second,-3.69774667231,-1.47909256061,-2.70767908322
3222,Madras,-2.80870922803,1.28350528479,4.23826370132
3226,Maruts,-5.20351900688,-2.54624830259,1.35303824079
3242,Where,1.73587846263,-2.97842755751,-0.699685727332
3267,Yamaraja,-8.4240468902,-1.95960111411,3.47207862714
3271,Pragjyotishapura,-3.2371495095,1.21989140644,3.89416955933
3280,Vrishnis,-3.30926622203,-1.01422275762,2.75809743879
3287,Dhaumya,-2.50831126192,-0.750980767515,4.26467215973
3288,Narakasura,-5.68082772354,-1.95843012952,4.36965192422
3326,Simply,-5.93157700197,-4.61641156725,4.52761209292
3335,Hiranyavarman,-1.659690425,-0.964882964354,3.94949900423
3343,Sometimes,-4.35649604314,-4.33980429707,4.32827784587
3349,Being,-5.41129069195,-4.67658100474,2.40951478959
3354,Baka,-1.6774913063,0.869041631191,5.15075262654
3377,Alambhusha,-4.17757579102,1.61086815742,4.04678547576
3378,Achyuta,-4.26854104237,-0.777520083415,5.84392422666
3392,Nakula,-2.53799091823,2.32596267976,4.33486626749
3395,Saivya,-4.94453452476,0.959252323272,4.50205540864
3404,Pierced,-5.74945185178,-0.854823124118,4.60125843145
3410,Fighting,-6.24806345758,-0.728337264651,3.71850411382
3415,Yaksha,-3.96972251352,-0.691486056272,6.02965684582
3427,Kamadhenu,-5.5363079944,-3.58388123865,5.37415319258
3428,Goddess,-5.45013076733,-3.38512097361,3.32835095511
3433,Phalguna,-6.28762055896,-1.32343730956,6.5794617185
3435,Slain,-3.76614837122,-1.6830600513,-2.45190103289
3441,Urge,-4.7987864823,-1.31030898057,6.62682762412
3444,Kaunteya,-3.57576312367,-3.3963991928,5.43351053769
3459,Himalaya,-4.78177041068,-1.22994639742,4.96469837369
3468,Lanka,-5.21998761845,-0.873554103436,3.89531912253
3469,Akrura,-3.66711967139,-0.200773163174,4.96221740208
3470,Destruction,-4.07506456987,-2.16856198459,-1.70230056326
3472,Ramayana,-4.72033646377,-3.49028419074,2.62580118715
3485,Lomasa,-3.23607375368,-1.66947019756,3.26516568874
3486,Gambling,-4.06208902983,-2.13994935672,-1.77729723514
3487,Mahismati,-4.45925512356,0.231369882543,4.64963775835
3492,Maitreya,-3.4134971218,-2.41878905875,2.83753581153
3493,Wherever,-5.02625695263,-3.67724349573,2.17430318716
3494,Yaja,-3.62589236109,-1.86755429883,3.91872126318
3511,Men,-3.20357624715,-3.91806480691,0.660116958707
3516,Chapter,-3.668078456,-1.37784567952,-2.82061889823
3529,Heads,-5.63394334655,-0.416819612043,2.18924787059
3533,Dronacharya,-2.89519271804,-0.669845428366,5.23397921479
3538,Supratika,-5.30270224949,1.10346605699,3.35532444497
3554,Rishis,-5.74130443589,-1.75186068602,1.57446013747
3575,Jayanta,-4.42775115631,-1.25141695409,4.01382217031
3581,Krishnas,-5.28426771875,-1.28666347532,3.85488910501
3587,Bhisma,-1.51524779505,0.093317433886,6.37636261308
3593,Kill,-4.08839018148,-2.19157554386,-1.63501792154
3595,Pitriloka,-4.80625637161,-2.52883172129,1.82614351765
3596,Brihannala,0.717396097183,0.067947121854,1.93181295222
3597,Actually,-2.81107684064,-3.42091148611,5.50646735345
3598,Anuvinda,-2.92672768459,1.47194703231,4.27642175696
3599,Only,-2.60046408814,-4.16644787317,4.63424912457
3604,Kumara,0.898123311234,0.263294015405,1.65243661195
3606,Ascending,-5.58479646787,0.135684329118,4.83646573371
3610,Pandava,-2.19484533382,0.877869558191,2.68989204802
3617,Enraged,-4.38290671145,1.95284692676,3.82335048168
3623,Tears,-6.5612972112,-0.00320255904905,3.32144551589
3632,Kunti,-0.765356489328,-0.677338692,3.67118466208
3687,Fight,-4.69339878062,-2.19290529796,6.60120805664
3696,Chitra,-5.60073002815,-0.830136530891,2.78356604448
3711,Kartikeya,-6.19477700818,-2.61568083122,5.72755463376
3712,Protect,-4.60310092742,-2.71676193872,6.37952254679
3714,Ananta,-5.97514851804,-3.07799108011,2.02093311924
3722,Indra,-8.43710660779,-1.96361106914,3.38177111667
3724,Shakti,-6.65229528881,-1.44347018634,6.6160862253
3725,Uluka,-3.46837438649,0.307935014971,5.67928617626
3727,Vrishaka,-5.02731727495,0.864977476034,4.1968505461
3757,Virata,-1.50627081592,-0.769516737821,3.83769768015
3758,Roaring,-6.205975805,-0.895481271031,2.72766313256
3759,Surasenas,-5.17516203523,-1.76942138939,3.78614948412
3763,Bhurishravas,-2.91514883949,1.37492981282,5.01247350806
3766,Kamsa,-5.09616917411,-0.875070084053,4.82928454284
3767,Dhrtarastra,-1.43006646285,-1.02513860331,6.76147415764
3784,Lordship,-5.92496256327,-6.35401049201,3.93435637472
3787,Bharadvaja,-4.67576331151,-1.08555831387,5.7496806479
3795,Chaitanya,-4.88958054448,-3.97591808954,1.07042354285
3798,Vinda,-2.90172456892,1.40557206487,4.25983911878
3802,Accepting,-3.61185005703,-1.61805414472,6.23184641592
3805,King,-1.76425391174,-1.03548446264,4.11376107013
3809,Yes,-2.88048936618,-2.84108498481,4.95801330187
3810,Yet,-6.64914472706,-3.10286682902,4.07101114968
3842,Eleven,-3.86040353305,-1.87040169204,-2.17752927244
3862,Considering,-4.63498181147,-2.01062552955,5.77828723896
3864,Sarnga,-7.17421513945,1.60474055342,3.22754296895
3866,Daruka,-0.445173464621,-1.8989205707,1.38975505023
3875,Did,-3.14315705672,-3.06052274738,5.68783452916
3880,Asvini,0.230519576306,0.728192464563,5.91476624635
3882,Truth,-5.33499611838,-5.0980113586,1.95356059765
3888,Pandavas,-2.16545177755,-2.4340582018,6.62731255601
3900,Kapila,-4.1178415184,-2.75818676069,2.48762650587
3901,Nothing,-5.96611347399,-3.08859955396,4.90441413353
3905,O,-1.37046204119,-2.60367166354,4.26323273423
3910,Vibatsu,-5.56504598972,-0.919593014103,5.18281408668
3913,Excellent,-4.79060086353,-0.0877460472078,5.39093474484
3915,Come,-1.9767895921,-2.09169701183,6.02587931217
3925,Soon,-5.68094431556,-0.526430529781,3.24357502096
3932,Devotional,-5.41209041104,-3.30035326024,3.35101160851
3938,May,-2.70068299874,-2.94686716065,4.54378231975
3939,Relying,-4.69249975846,-1.76814312504,6.71676262264
3941,Prahlada,-5.66092006942,-3.67121197727,3.95233419307
3944,Vikrodara,-5.96058773948,0.76597252006,4.26266395391
3958,Overcome,-4.47349227302,1.17853637125,5.65341718972
3962,Susharma,-3.55943810373,1.05680698333,4.94405350845
3967,Southerners,-5.08798448261,-1.24610266282,4.06338398858
3998,Karushas,-5.0299203748,-0.671636139853,3.9372768688
4004,Vijaya,-2.97369696584,-0.307634376126,0.0377305947169
4032,Panditaka,-5.88889699954,0.759133470831,3.29363758403
4034,Mother,-2.90928438728,-2.02699256369,5.22178157043
4037,Gandharavas,-5.44575535459,-1.19229659261,3.20769361424
4045,From,-6.05268547248,-3.18692002081,2.13388248055
4063,Though,-5.8547654399,-3.45815916369,4.88977421997
4080,Association,-6.17060258977,-3.28309180779,4.37967478186
4087,Purana,-4.9133078871,-3.7149712705,2.1687850563
4088,Sabha,-3.69095000778,-1.45350023677,-2.73601091099
4089,Endowed,-7.20461931297,-2.68234027206,4.77626593121
4107,Vangas,-4.60486623785,0.122702571996,4.31866421596
4108,Without,-2.63844286295,-3.62271970804,5.35764694854
4111,Soma,-6.3771249595,-2.30349538876,3.77561201859
4143,Brahmastra,-6.798475156,-1.68779364309,6.50464865221
4144,Study,-3.72438068942,-1.56199146404,-2.60456969484
4146,S,-5.73209711639,-3.0545992686,3.47409566137
4160,Jarasandha,-1.61642450859,0.617155041837,5.4208000725
4161,World,-3.86599100998,-1.89807262078,-2.12386633071
4162,Adityaketu,-5.12349715455,0.646040944556,3.92681888319
4166,Pandit,-5.84919006429,-2.8087461998,3.32718725972
4182,Celestial,-3.81462058461,-1.78582545681,-2.29969249243
4186,Eleventh,-3.75768584124,-1.65215339175,-2.48649899532
4187,Samsaptaka,-5.17118995191,-0.355668309769,3.04781123344
4191,Satyabhama,-3.71454538758,-0.308106431366,5.03479104012
4193,Imperial,-3.83139321154,-1.97750407812,-1.76335262891
4197,Return,-3.84299563211,-1.85134630812,-2.21305205895
4198,Offering,-3.8810181949,-0.373194021328,5.77223362339
4199,Vallabha,-5.27077901221,-1.71368874893,5.6895492589
4214,Cupid,-4.00751339907,2.19358541455,5.3944567116
4215,Fourth,-3.70730205517,-1.50991634906,-2.67102322202
4218,Vyaghradatta,-4.81298748888,-0.486910945088,4.23803846614
4229,Supreme,-5.82190399248,-4.80684867898,1.30436697424
4231,Release,-6.37970547046,0.26655277724,5.02937237711
4232,Sudakshina,-3.0093305023,1.42367527886,4.28182328218
4251,Dhananjaya,0.764549966091,0.746715470907,-0.636656045834
4253,Vidura,-2.84685931186,-1.37083686397,5.76977480139
4281,Rukmaratha,-5.35143085356,-0.976095337445,4.83435648862
4282,Desiring,-4.72077574348,-2.73521419196,6.42272459221
4285,Jara,-7.24125279104,-1.87371021838,5.59383166691
4286,Turning,-4.85643680972,-1.15877463038,5.39318717237
4289,Know,-3.98830251038,-3.0668775296,4.98679355512
4290,Yamuna,-1.69306368088,-0.494266783217,1.58607163194
4292,Swami,-4.46133906358,-3.86323722221,0.71848210323
4293,Year,-3.84044556076,-1.84312595739,-2.21177367354
4294,Charitamrita,-4.85982183559,-3.81335873048,1.93575339405
4296,Thus,-3.74583338528,-1.61640165236,-2.54046932712
4297,Pragjyotisapura,-4.86765211159,0.526502441663,4.13114833648
4308,Shrutayush,-4.45837498407,0.893952267689,3.79441464052
4313,Tenth,-3.73517367179,-1.59189316183,-2.56630725833
4317,Kanka,-5.40577777354,-1.48482229587,5.67274475486
4335,Follow,-4.64588142061,-2.3643143458,6.10570682922
4339,Kambhoja,-4.68476790258,0.993806592921,3.84477993307
4352,Satyaki,-3.44801105292,1.44915992434,4.69798965635
4360,Apsaras,-4.96818939093,-1.54997232287,1.23296589817
4361,Brahma,-6.34407865137,-4.18800351268,1.82289835157
4366,Lord,-5.74171080246,-4.11057600199,1.45989272484
4380,Arrows,-5.63439836632,0.15006826211,2.08935961402
4382,Matsyas,-2.55351225221,0.312567295968,3.43534058428
4388,Beyond,-5.72866299879,-1.61610620392,4.30698904597
4405,Abhimanyu,-3.89401700355,1.68690617393,4.36344519697
4407,Shikhandi,-3.29916764436,1.66429879023,4.56344216348
4409,Varnashrama,-5.50274757644,-3.44109993816,3.63504888803
4411,Anyone,-4.27559566877,-1.42432378744,7.23820160234
4413,Holy,-4.90311895205,-3.93610473151,1.28013512282
4416,Lakshman,-4.58584708549,0.952986356074,4.44109912205
4434,Chakra,-5.20247235405,-0.67504617958,4.04796822793
4437,Prepare,-4.13772098237,-2.23229262695,-1.58538573645
4457,Bhojas,-3.28950846913,0.152911083527,3.87996727698
4459,Koshalas,-4.21084196206,0.194187020562,4.35266859006
4477,Guru,-4.67766756607,-3.79685808082,5.65200668099
4488,Yakshas,0.621373522952,2.29046534239,1.82655851688
4497,Vasus,-3.03647613098,-2.20876008877,3.07287724437
4499,Saradwat,-4.14503513135,1.266844758,4.73120732927
4504,Gautama,-3.40195321407,-0.554281687822,5.05047161438
4519,Ravana,-4.81440026373,-1.61371223663,2.41609114268
4521,Agastya,-4.31669325131,-2.26040699395,3.45220535095
4529,Jishnu,-3.46193730786,-3.06757610401,5.28311187412
4530,Matsya,-2.87193120316,0.433920735686,3.7769387274
4538,Vaikuntha,-2.98460455344,-4.17319541356,-0.29500867446
4540,Tell,-1.59165200866,-3.41880771525,5.47113912673
4541,Lamenting,-5.54263141353,-2.00684956768,7.19770356817
4551,Anushasana,-3.87876412337,-1.89948053603,-2.13494763588
4565,Krishna,-0.453009341514,-1.92775000288,1.37299501867
4571,Srutakarman,-4.37476468263,1.83239127127,3.78775523018
4586,Again,-4.54492836017,-1.99435649269,5.21689075072
4596,Life,-4.00837202339,-2.0999595138,-1.78975703691
4597,Goswami,-5.40595194158,-3.29732883972,3.25256806971
4602,Uttamaujas,-3.33345546234,1.86524136735,4.20258715642
4608,Emperor,-3.84959795228,-1.75838063275,6.13415709068
4614,Sindhu,-4.0694913454,0.299050068396,5.78466925651
4619,Ramachandra,-5.9424867041,-3.490190225,2.62145446625
4639,Ugrasena,-4.01011089189,-0.761121322395,5.40786093322
4653,Chariots,-5.65184935768,-0.813878974091,3.27884569736
4665,Today,-0.206827042342,-4.49316510119,5.33128459187
4670,Day,-3.68164620816,-1.42236581291,-2.77287415089
4671,Sudarshana,-7.16041430398,1.63198104149,3.23758767506
4690,Madhu,-1.45161766521,-2.67734698057,4.1651641998
4705,Shishupala,-1.71031776469,0.577089430087,5.43107619092
4706,Therefore,-2.78150999438,-4.61303944821,5.96709957874
4708,Bhoja,-3.22448537794,0.21902090371,4.39125297625
4716,Time,-6.46983280646,-4.47762578681,3.18973433425
4722,Jayatsena,-4.03714184227,1.80172634952,3.94703025836
4724,Vayavya,-3.39136216432,2.20748883556,2.03044177637
4737,Maha,-4.93913618738,-3.8478421216,1.27824780998
4739,Hanuman,-5.51222374502,0.43274018312,3.99449723889
4744,Andhakas,-3.43810381611,-0.993928202846,2.90661919506
4748,Bhishma,-2.2530724205,-0.0486482170665,-2.29767191427
4754,Stuna,-3.10044485205,-1.32453390192,4.48291997416
4769,Panchalas,-2.37404900246,0.422347240038,3.38334456616
4774,Matali,-5.01935189494,-1.0252282088,6.09040862271
4775,Ashvatthama,-2.85586341547,1.65499517811,4.75432228541
4790,Surasena,-1.16242346422,-0.590928350289,4.4093139083
4805,Thinking,-5.16427533375,-2.0432535628,5.05770362376
4814,Balarama,-0.468144952248,-1.9160774203,1.41002009514
4822,Shivi,-4.96997881878,0.466889665997,4.2298134105
4823,Radha,-6.28324336719,-0.598328983099,-1.29735654902
4824,Shiva,-8.44379309712,-1.97170040385,3.2654399963
4831,Brihadvala,-3.06898653884,1.55351926705,4.39645454933
4833,Whoever,-4.13324606841,-3.96555154551,5.33248114959
4837,Kuvera,-8.40073622275,-1.91884879526,3.02139401045
4841,Lakshmana,-4.4273718058,1.56741936574,4.08788224149
4842,Svayamvara,-3.9180608469,-1.9853262088,-1.99518378056
4843,Surya,-5.89062579162,-1.95069285107,8.16099532119
4844,Yuyudhana,-3.90842552014,0.132062626872,4.66159954414
4863,Becoming,-5.67868286962,0.61079941455,4.04626547546
4867,Bewildered,-6.7995406908,-3.04921882119,3.73920369065
4868,Bhurishrava,-3.01998317497,1.61544721132,4.47656088873
4870,Himalayas,-6.79328552887,-1.8270333424,2.17690922364
4872,Himalayan,-3.99952512848,-1.29565075052,2.93420171655
4887,Kills,-3.91394911596,-1.96182695366,-2.04554360021
4889,Gopis,-5.52446328313,-3.03280641073,3.53357832732
4917,Soul,-5.61121688077,-4.76168068788,2.24417508974
4920,Subhadra,-3.24810165644,-0.268422548385,5.15161154931
4934,Godhead,-5.84367721742,-4.8080323153,1.2445135333
4936,Daityas,-6.21995100257,-1.02592030571,3.71950446818
4947,Dhristaketu,-3.11640380786,1.44684847004,4.20136621273
4949,Manu,-5.69411470299,-3.02744075686,3.34667841874
4952,Accompanied,-5.30788501564,-1.96161388219,3.66519901175
4954,Jayadratha,-2.79955607908,1.27998600601,5.20265898492
4957,Army,-3.7909669332,-1.75328931459,-2.36702625523
4960,Master,-5.82525437141,-3.39639549121,2.31486157124
4963,Listen,-1.52591576598,-2.40345925181,4.99956441102
4964,Knowing,-0.663259308635,-3.59534762467,3.18854755027
4968,Agni,-8.41730994876,-1.8965011972,3.16535569339
4972,Later,-5.03671276184,-1.12800532613,5.146050886
5044,Obtains,-3.79053858189,-1.73340433038,-2.37328399595
5056,Vrishni,-0.520754162563,-1.85572479145,4.3678492485
5057,Gada,-3.60318736292,-0.228238230984,4.94264790883
5062,Yoga,-4.43817128407,-2.6469200294,-0.9663263016
5063,Trigartas,-2.78897511055,0.475238731066,3.74446882002
5064,Vaishnavas,-5.31369211117,-3.41869932137,3.84413471555
5065,Providence,-5.01116134588,-2.35571110344,4.12425003973
5067,Kalingas,-3.16899924568,1.15338886928,3.90945705959
5077,Sugriva,-7.84586462387,-0.371898741003,3.31161637755
5078,Approaching,-4.42989105395,-0.875647479241,5.44122397013
5081,Tomorrow,-3.398269074,-3.31817867406,6.90201893397
5095,Invincible,-4.02467056888,-2.10424262133,-1.82534395905
5098,Everyone,-6.20216345741,-4.46184675781,3.64871898497
5099,Shikshastaka,-5.71432538829,-3.60498480474,4.29140045593
5104,Sama,-5.6958929578,-2.84270675654,1.21420787898
5107,Satrunjaya,-4.62372080805,-0.180248937918,4.77522204677
5124,Vishnu,-6.0056060708,-4.08683631885,2.05848721288
5126,Somadatta,-2.99507573345,1.47497225388,4.83921160721
5127,Third,-3.70734003811,-1.51026075307,-2.67067378957
5129,Eight,-3.75237227895,-1.64746524134,-2.50159405554
5140,Huge,-5.28955465915,-0.150455036603,1.74038769706
5162,Vibhatsu,-3.40459906067,-3.27436775224,5.47517869526
5166,Samsaptakas,-3.8553205495,0.473375614613,3.92264304831
5167,Yudhisthira,-2.4984393232,-1.08786200153,5.93155606622
5169,Bhimasena,-4.17724049632,1.5514530175,4.30828786307
5174,Yadavas,-4.05266609467,-4.32000765585,5.84581171434
5176,Shantanu,-2.8550861437,-1.10069795081,-1.72090273465
5181,Kanika,-4.42917657816,-2.16784088761,4.94910917427
5182,Iravan,-4.23655275915,1.51497818995,4.18973419965
5185,Andhaka,-0.901304565009,-0.348562136692,6.58153807
5193,Dhristadyumna,-3.29084966797,1.65208868158,4.56238274851
5196,Both,-3.83721840188,0.408015204599,3.22993254782
5211,Apsara,-5.43377600463,-2.92637810478,5.64968501691
5214,Panchala,-3.03898989785,0.510890070049,4.52761971167
5221,Could,-4.1549691394,-3.10372294596,6.53445778746
5236,Puranas,-4.78437364831,-3.71940494553,2.24100145962
5242,Plan,-3.829918547,-1.82279737985,-2.24306483288
5243,Parva,-3.66316156897,-1.34865082032,-2.84940159754
5246,Bhagavatam,-4.34296019775,-4.01030000796,1.64617040616
5251,City,-3.16236533942,-1.20622753713,2.86141769943
5264,Brihaspati,-4.60924961127,-2.46326420369,3.74684709189
5271,Sairindhri,0.280995342862,-0.435732924437,2.52814386403
5274,Madri,-2.9749319683,0.565516577388,4.60764609323
5282,Bahlika,-3.06675560505,1.532831878,4.57408283756
5294,Nagas,-4.96188708599,-1.50145628004,1.36499155039
5296,Fire,-6.35601340681,-2.06471948651,3.86871657218
5297,Reflecting,-0.426310501945,-3.75745269996,0.786355642918
5299,Ajatashatru,-3.66848216151,-3.83955397457,5.5124607146
5302,Command,-4.24994663441,-3.65257458172,6.19072995299
5303,Karma,-4.36714452433,-2.51030949172,-1.15064206993
5314,Visvamitra,-4.30234728774,-2.20289117671,3.22281265805
5320,Kekaya,-3.22887541853,0.709154179783,3.96280514799
5322,Vritrasura,-6.25374887375,-1.65236089464,5.45598340156
5325,Every,-6.39415248778,-3.65057588318,4.85028675742
5339,Kurus,-1.37424893778,0.516915985376,3.92413452355
5342,Parashurama,-2.8028308907,-0.627302979385,5.19692364961
5343,Maniman,-5.97452532415,0.991357770581,3.99594956718
5348,Court,-3.83739136096,-2.01958346955,-1.60521424006
5362,Mathura,-4.60133099826,-2.00267145837,3.51828699003
5363,Drupada,-2.42352120538,0.538123272007,4.44650958126
5371,Ambalika,-0.974044488441,-0.716703974651,3.70884890322
5372,Kambhojas,-2.90903643989,1.28524694137,4.2317008547
5380,Behold,-1.63064887574,-1.04632207837,5.33149937786
5388,Narada,-2.87023476182,-2.32963336907,2.8295539305
5389,Sudeshna,0.113554102466,-0.472485880863,2.61713440039
5391,Vriddhakshetra,-5.8915837874,-1.63937681305,5.20687387023
5397,Bhagadatta,-3.41628174877,1.44715960322,3.91763663174
5410,Grandfather,-3.31940089189,-2.35676316749,-1.68156059042
5414,Vrsni,-4.03560665363,-3.12585747113,4.86281414536
5432,Drona,-2.73139544563,1.64678787113,4.81841464018
5433,Bhima,-4.18724060516,1.66671347227,4.27981150412
5436,Kings,-0.153970960275,1.09491681955,-1.23871198082
5440,Rishi,-2.5757428973,-1.70673449013,5.47685057506
5446,Dyu,-4.80199690991,-2.91051319258,5.57345465133
5447,Grandsire,-3.58754876676,0.512741764914,4.10460624972
5455,Can,-2.69088988636,-3.50460225549,5.76862156764
5462,Thakur,-5.76466408209,-3.64225221586,4.08254454191
5467,Next,-4.05183114269,-0.604898645413,5.02165086687
5468,Kuntibhoja,-3.22928086319,0.693408696132,4.47433312265
5469,Which,-4.79955966404,-3.30347974625,4.01037782199
5473,Durmashana,-4.74902909097,0.443435485044,4.21870221586
5479,Vyasadeva,-2.6707543975,-2.16038895772,3.04916678175
5485,Divine,-4.53035333922,-3.89296494259,0.789588129387
5500,Dvaitavana,-1.90333752837,-1.22045295336,2.20211928877
5508,Vedas,-4.11252784208,-6.17761478391,2.55115729196
5514,Colossal,-3.90693505117,-1.97890378877,-1.95365549945
5516,Siddhas,-4.95480154003,-1.91386250451,1.66564139342
5517,Earth,-4.64915376447,-2.6616613689,2.57430696037
5520,Whose,-5.98762070001,-1.17668698413,6.48599598147
5531,Manipur,-4.43442766176,0.511969292216,4.62021419383
5539,Abandon,-6.10063117175,-3.97625416466,5.13768578753
5563,Shrinjayas,-2.37678770365,0.50064254841,3.29812043773
5566,Sudharma,-3.21849047933,-1.59167719914,3.39190794425
5584,Mangled,-5.86542859433,-0.551405770858,4.40045811238
5586,Sauptika,-3.77735284866,-1.70146267682,-2.41902589725
5590,Pradyumna,-3.52773085167,0.248966267659,4.96086847716
5603,Prabhas,-6.2389160917,-2.22631656188,3.25922882884
5621,Chitrasena,-3.19757743047,1.56106025027,4.55014785438
5623,Besides,-3.20046232048,-3.95934525498,5.34197875568
5634,Sun,-5.87164056089,-1.99307862929,8.2245098431
5640,Vyasa,-2.68990023175,-2.21664943565,2.94373515053
5641,Trigarta,-3.05432019484,0.953798613824,3.71302620377
5648,Greatly,-4.20753734306,1.9376579825,3.88945836605
5665,Sutasoma,-4.42012342894,1.64528752623,3.99788447931
5667,Susharman,-3.4155969115,1.68304210107,4.09330863533
5668,Bali,-4.04455829696,-3.31132107929,4.18264422335
5669,Upon,-1.20984684742,-0.116721283732,-1.12858524943
5673,Jamadagni,-2.76989160653,-1.04667163523,5.27133488369
5674,Following,-3.41063183249,-0.115772531348,5.79761377946
5677,Ten,-3.78213394852,-1.71829549117,-2.39968128877
5689,Bharatas,-0.700510356269,-0.441321770037,6.53963801247
5692,Five,-3.7734400759,-1.69678311015,-2.42983032499
5700,Sita,-6.72881193656,-2.65778481179,3.73611612773
